sequence,class
CKKRKC,1
CRKKKC,1
CKKKKC,1
CKRKKC,1
VSSNNCANV,1
RTESFPDGE,1
RHCLSQSHRF,1
SHRFKGMCVS,1
FPDGECKSHG,1
ERKCFCKKVC,1
SNNCANVCRTE,1
HHGYKRKFHEKH,1
FMPILSCSRFKRC,1
KYTGKCKTKKNKCK,1
ANFLPKIFCKITRKC,1
LKGCWTKSIPPKPCF,1
RTCQSQSHRFRGPCLRRSNCANVCRTEGFPGGRCRGFRRRCFCTTHC,1
RHCLSQSHRFKGMCVSSNNCANVCRTESFPDGECKSHGLERKCFCKKVC,1
RDCESDSHKFHGACFSDTNCANVCQTEGFAGKCVGVQRHCHCTKDC,1
DEDLDE,1
FLKLLKKLL,1
KLLKWWKKLL,1
KSHGLEAKCF,1
KKLLFKLKFK,1
GLLKKIKTLL,1
GLLKFIKWLL,1
ELLKAVRLIK,1
KKLLKWLLKLL,1
FIPVSGLFKLL,1
GKLFKKILKFL,1
GKLFKKILKIL,1
KLLLKWLLKLLK,1
FIPLVSGLFKLL,1
KRAVQRIKDFLR,1
KLLLKLLLKLLK,1
LKKLLKKLLKKL,1
FLSGIVGMLGKLF,1
KWKKLLKKPLLKK,1
INWLKLGKMVIDAL,1
INWLKIAKKVKGML,1
KWKKPLLKKLLKKL,1
KLLKLLKKLLKLLK,1
GLLKLLKKLLKLLK,1
GLFKLLKKLLKLLK,1
GLFDIVKKVVGALK,1
GKKLLKKLKKLWKKW,1
GLFDVIKKVASVIGGL,1
GLFDIVKKVVGAFGSL,1
KILSSLLKKLKKIIAK,1
GIWSSLLKKLKKIIAK,1
GILSSLLKKWKKIIAK,1
GILSSLLKKLKKWIAK,1
LLKKLLKKLLKKLLKK,1
FFSLIPSLVGGLISAFK,1
FLFSLIPKAIGGLISAFK,1
LLGPVLGLVSNVLGGLLG,1
FLSLIPKAIKAVGVKAKKF,1
AKKVFKRLGIGAVLKVLTTG,1
GLLSGVLGVGKKIVCGLSGLC,1
FWGFLGKLAMKAVPSLIGGNKK,1
GLKKIFKAGLGSLVKGIAAHVAS,1
GLKKIFKAGLGSLKKGIAAHVAS,1
GLGSLLGKAFKIGLKTVGKMMGGAPREQ,1
GLGSLLGKAFKFGLKTVGKMMGGAPREQ,1
GIGKFLKKAKKFGKAFVKILKK,1
FAKLLAKLAKKLL,1
GLKEIFKAGLGSLVKGIAAHVAS,1
SSLLEKGLDGAKKAVGGLGKLGKDAVEDLESVGKGAVHDVKDVLDSVL,1
GMWKKILGKLIR,1
LNWGAVLKHVVK,1
GMASKAGSIVGKIAKIALGAL,1
GLVGTLLGHIGKAILG,1
GLVGTLLGHIGKAILS,1
KLKKLLKKLLKL,1
LLKKLLKKLLKL,1
GLWDVIKKVASVIGGL,1
LKWLKKLLKWLKKL,1
GLWKGKLGLWKGKLGLWKGKL,1
RRFWRR,1
RRWWRW,1
CKKKRC,1
RRWWRRW,1
WRRWWRR,1
LIPFPFP,1
RIWVIWRR,1
RIRRWKFRW,1
CFQWARNMRKVR,1
KWCFVCYRGICYRRCG,1
KWCFRVCYRGICYRRCR,1
KACFRVCYRGICYRRCR,1
KWAFRVCYRGICYRRSR,1
KWCFAVCYRGICYRRCR,1
KWCFRACYRGICYRRCR,1
KWCFRVCARGICYRRCR,1
KWCFRVCYRGICYRRCA,1
RWCFRVCYRGICYRRCR,1
KWCGRVCYRGICYRRCR,1
KWCFRVCGRGICYRRCR,1
KWCFRVCYRGGCYRRCR,1
KWCARVCARGACYRRCR,1
AWCFRVCARGICYRRCR,1
KWCFRVCYAGICYRRCA,1
RGLRRLGRKIAHGVKKY,1
KWCARVCYRGICYRRCR,1
DFGCGQGMIFMCQRRCMRLYPGSTGFCRGFRCMCDTHIPLRPPFMVG,1
RWCFRVCYRGICYRKCR,1
RCYARRRFAVCR,1
KAYSMPRCKGGFRAVMCWL,1
KAYSTPRCKGLFRALMCWL,1
DFGCARGMIFVCMRRCARMYPGSTGYCQGFRCMCDTHIPIRRPPFIMG,1
YPLPFIP,1
KGIRGYKGGYCKGAFKQTCKCY,1
PIPFPPY,1
KWCFRVCYRGICYRKCR,1
VARGWKRKCALFGKGG,1
CGRRWWGWRCRL,1
DFGCARGMIFVCMRRCARMYPGSTGYCQGFRCMCDTMIPIRRPPFIMG,1
RRCARMYPGSTGYCQGFRCMCDTHIPIRRPPFIMG,1
KWKWKW,1
WKWKWK,1
KWKWKWKW,1
WLWKAIWKLLT,1
WLWKAIWKLLK,1
KPKDMTSSQWFKTQHVQPSPQASNSAMSIINKYTERS,1
RPPQFTRAQWFAIQHISLNPPKSTIAMKAINNYKWKSKNQNTFLK,1
WPKRLTKAHWFEIQHIQPSPLQSNRAMSGINNYTQHSKHQNTFLH,1
KPKGMTSSQWFKIQHMQPSPQASNSAMKNINKHTKRSKDLNTFLH,1
RPPQFTRAQWFAIQHISLNPPRSTIAMRAINNYRWRSKNQNTFLR,1
KPKDMTSSQWFKTQHVQPSPQASNSAMSIINKYTERSKDLNTFLH,1
LNWGAILKHIIK,1
KNWGAILKHIIK,1
LKWGAILKHIIK,1
LNWGAILKKIIK,1
LNWGAILKHIKK,1
AIQRCC,1
FLRALWNVAKSVF,1
FWSTIWNAAKSLI,1
ALALAI,1
LNWGAIKKHIIK,1
RKKWFW,1
RRWQWRMKK,1
RLWWWWRRK,1
RKKRWWRRKK,1
SLLPLIRKLIT,1
SHHRCRRSHRC,1
RKGSRMGKKCECP,1
RKGSQMGKKCECP,1
GIINTLQKYYSRVRGGR,1
KYYSRVRGGRSAVLSSLDK,1
SCLPKEEQIGKSTRGRKCRRKK,1
SCLPKEEQIGKSTRGRKCRRKR,1
GIPCGESCVWIPCLTSAIGCSCKSKVCYRN,1
GIINTLQKYYCRVRGGRCAVLSCLPKEEQIGKCSTRGRKCCRRKK,1
FLPKTLRKFFCRIRGGRCAVLNCLGKEEQIGRCSNSGRKCCRKKK,1
RRICRCRIGRCLGLEVYFGVCFLHGRLARRCCR,1
RICRCRIGRCLGLEVYFGVCFLHGRLARRCCR,1
ILGIITSLLKSL,1
QGVRNSQSCRRNKGICVPIRCPGSMRQIGTCLGAQVKCCRRK,1
KRWWKWWRR,1
INWLRLGRMVIDAL,1
GIINTIQRYFCRVRGGRCAALTCLPRETQIGRCSVKGRKCCRTRK,1
CVRVRVRPGRVRVRVCW,1
QRYFCRVRGGRCAALTCLPRETQIGRCSVKGRKCCR,1
SLLSLLRKLIT,1
GIINTLQKYYCRVRGGRCAVLSCLPKEEQICKCSTRGRKCCRRKK,1
FFIYVWRRR,1
FIGPVLKMATSILPTAICKGFKKC,1
DKLIGSCVWGATNYTSDCNAECKRRGYKGGHCGSFWNVNCWCEE,1
DKLIGSCVWGAVNYTSDCNGECKRRGYKGGHCGSFANVNCWCET,1
DKLIGSCVWGAVNYTSNCNAECKRRGYKGGHCGSFANVNCWCQT,1
DKLIGSCVWGAVNYTSNCNAECKRRGYKGGHCGSFANVNCWCER,1
NKLIGSCVWGAVNYTSNCNAECKRRGYKGGHCGSFANVNCWCET,1
DKLIGSCVWGAVNYTRNCNAECKRRGYKGGHCGSFANVNCWCET,1
DKLIGSCVWGAVNYTSRCNAECKRRGYKGGHCGSFANVNCWCET,1
DKLIGSCVWGAVNYTSNCNAECKRRGYKGGHCGSFLNVNCWCET,1
DKLIGSCVWGAVNYTSNCNAECKRRGYKGGHCGSFINVNCWCET,1
DKLIGSCVWGAVNYTSNCNAECKRRGYKGGHCGSFANINCWCET,1
DKLIGSCVWGAVNYTSNCNAECKRRGYKGGHCGSFLNINCWCET,1
DKLIGSCVWLAVNYTSNCNAECKRRGYKGGHCGSFLNVNCWCET,1
DKLIGSCVWLAVNYTSNCNAECKRRGYKGGHCGSFANVNCWCET,1
DKLIGSCVWGAVNYTSNCRAECKRRGYKGGHCGSFLNVNCWCET,1
DTLIGSCVWGATNYTSDCNAECKRRGYKGGHCGSFLNVNCWCE,1
DKLIGSCVWGAVNYTSNCRAECKRRGYKGGHCGSFANVNCWCET,1
DKLIGSCVWGAVNYTSNCNAECKRRGYKGGHCGSFANVNCWCET,1
KGIRGYKGGYKGAFKQTKY,1
WWWLKKIW,1
IKQVKKLFKK,1
FWSTIWNAAKSL,1
GWWRRTAAKVRK,1
IKKIVSKIKKLL,1
IKKIVSKIKKLLK,1
IKKIVSKIKKVLK,1
FKRLKKLAKKIWNWK,1
AKRLKKLAKKIWNWK,1
AKRLKKLAKKIWKWK,1
GVIKAAKKVVKVLKKLF,1
GVIKAAKKVVNVLKNLF,1
GVIKAAKKVVKVLKNLF,1
GIWKKWIKKVVNVLKNLF,1
GFKDLLKGAAKALKKTVLF,1
GKVWDWIKSAAKKIWSSEPVSQLKGQVLNAAKNYVAEKIGATPT,1
IDWKKLLDAAKQIL,1
GVIDAAKKVVNVLKNLF,1
HFLGKLVNLAKKIL,1
GWLDVAKKKGKAAFNVAKNFI,1
ILGKIWEPIKSLF,1
PFKLSLHL,1
KLFKKLFK,1
TPFKLSLHL,1
KKVLFKLKFK,1
IKKILSKIKKLL,1
KLFKKLFKKLFK,1
FLPLLASLFSRLF,1
GILDILNKVSNLF,1
GLFDIVKKVLKLLK,1
FKKLKKLFKKILKLK,1
MDILKKSLFLILFLGVVSLSICEEEKRENEEEMEQDDEQSEMKR,1
WLLVNG,1
LKRRWKWWI,1
ARWRFKWAKK,1
RLRRIVVIRVAR,1
RPLNFKMLRFWGQNR,1
DCTRWIIGINGRICRD,1
KWCFRRCYAGICYRRCR,1
RCPGRTRQIGTIFPGRIKCRSW,1
FLPIPRPILLGLL,1
RGGRLCYCRGWICFCVGR,1
SPIHACRYQRGVCIPGPCRWPYYRVGSCGSGLKSCCVRNRWA,1
RNGCIVDPRCPYQQCRRPLYCRRR,1
FLPIVGRLISGIL,1
FFPVIGRILNGIL,1
IPRPIDTCRLRNGICFPGICRRPYYWIGTCNNGIGSCCARGWRS,1
IRNSLTCRFNFGICLPKRCPGRMRQIGTCF,1
RSVCRQIKICRRRGGCYYKCTNRPY,1
SFGLCRLRRGFCARGRCRFPSIPIGRCSRFVQCCRRVW,1
ILRWPWWPWRRK,1
RRPPIRPPFYPPFRPP,1
RFRPPIRRPPIRPPFYPPFRPP,1
RPPIRPPIFPPIRPPFRPPLGPFP,1
RRIPRPILLPWRPPRPIPRPQPQPIPRWL,1
PLPFPRPGPRPIPRPLPFPRPGPRPIPRP,1
PIPRPLPFPRPGPRPIPRPLPFPRPGPRPIPRP,1
RFIPPILRPPVRPPFRPPFRPPFRPPPIIRFFGG,1
SRWPSPGRPRPFPGRPKPIFRPRPCNCYAPPCPCDRW,1
RFRPPILRPPIRPPFRPPFRPPVRPPIRPPFRPPFRPPIGPFP,1
RFRPPIRRPPIRPPFNPPFRPPVRPPFRPPFRPPFRPPIGPFP,1
RFRLPFRRPPIRIHPPPFYPPFRRFL,1
ILPFKFPFFPFRR,1
RFRPPIRRPPIRPPFRPPFRPPVRPPIRPPFRPPFRPPIGPFP,1
RRIRPRPPRLPRPRPRPLPFPRPGPRPIPRPLPFP,1
FRFKFRFK,1
RRIRFRPPYLPRPGRRPRFPPPFPIPRIPRIP,1
RRIPFWPPNWPGPWLPPWSPPDFRIPRILRKR,1
IKPFKFPFKPFRR,1
RRIPFWPPNLPGPRRPPWFLPDFRIPRIPRKR,1
RRIRFRPPRLPRPRPRPWIPPRFPFPRIPGKR,1
RRIRIRPPRLPRPRPRPWFPPRFPIPRIPGKR,1
RRWGRWHRMRRRGR,1
QDNSRYTHFLTQHYDAKPQGRDDRYSESIMRRRGLTSPSK,1
KRIWWR,1
IRIRIRIR,1
RLYRRLYR,1
AARIILRLRFR,1
LRKVRRLLRRL,1
VQLRIRVRVIRK,1
VRLRIRVRVIRK,1
KRIVQRIKDFLR,1
KRIVQRKKDFKR,1
KRIVQRKKDKKR,1
KRIVKRIKKFLR,1
KRIVQRIKDFLK,1
KRIVQRIKDFKR,1
KRIVQRIKKFLR,1
KRIVQRIKDKLR,1
KRIVKRIKDFLR,1
KRIKQRIKDFLR,1
KRKVQRIKDFLR,1
KKIVQRIKDFLR,1
KRIAQRIKDFLR,1
KRIVQRIKDFLA,1
KRIVQRIADFLR,1
KAIVQRIKDFLR,1
LLLFLLKKRKKRKY,1
LRRLRKWLRRLLKLL,1
GGLRSLGRKILRAWKKYG,1
RLLRRLLRRLLRLQKKGI,1
RLLRRLLRRLLRRLLRRLLR,1
FLRSLLRGAKAIYRGARAGWRG,1
KRIRFFERIRDRLRDLGNRIKNRIRDFFS,1
CGGKRIVQRIKDFLRGAGGKRIVQRIKDFLRG,1
AGGKRIVQRIKDFLRGAGGKRIVQRIKDFLRG,1
GDFFRKSKEKIGKEFKRIVQRIKDFLRNLVPRTES,1
RLGNFFRKAKKKIGRGLKKIGQKIKDFLGNLVPRTES,1
LLGDFFRKSKEKIGKEFKRIVQRIKDFLRNLVPRTES,1
RLKELITTGGQKIGEKIRRIGQRIKDFFKNLQPREEKS,1
ILGTILGLLKSL,1
ISRLAGLLRKGGEKIGEKLKKIGQKIKNFFQKLVPQPE,1
LLRRLLRRLLRRLLRR,1
IRIKIRIK,1
IRIKIR,1
RIRIIIRIR,1
RRLRLLLRLRR,1
RRIRIIIRIRR,1
GLFDVIRRVASVIGGL,1
GLFDVIRKVASVIGGL,1
RRIFKRLFKYLRRF,1
ILGRLRDLLRRGGRKIGQGLERIGQRIQGFFSNREPMEES,1
GLFRRLRDSIRRGQQKILEKARRIGERIKDIFRG,1
FFFLSRIF,1
FFLSRIFGK,1
RIKRWWWWR,1
RQWKKWWQWRR,1
CFQWQANMRKVR,1
GCRRLCYKQRCVTYCRGPPR,1
EFELDRICCGYGTARCRKKRSQEYRIGRCPNTYACCLRK,1
RCVCTRGFCRCVCTRGFC,1
RIWKIWWKR,1
ECKFTVKPYIKRFQLYYKGRMWCP,1
RRYHWRIYI,1
RRWRIVVIRVRR,1
SHHRCCRSHRCRR,1
FQWQRNMRKVRGSRRRRG,1
GSGRGSCRSQCMRRHEDEPWRVQECVSQCRRRRGGGD,1
KRRWPWWPWRLI,1
WWWLKRIW,1
KVVFKVKFK,1
HKVVFKVKFH,1
YPLKVKYPKLKV,1
VARGWKRKCPLFGKGG,1
LWKILKKIWRVGWNWR,1
PKAMRLLRRLLRLQKKG,1
VCKRWKKWKRKWKKWCV,1
GLGSLLGKAFKFGLKTVGKMMAGAPREQ,1
KRGLWESLKRKATKLGDDIRNTLRNFKIKFPVPRQG,1
QVFTLIKGATQLIRKTLGEQ,1
IRVKIRVKIRVK,1
KRGLWESLKRKVTKLGDDIRNTLRNFKIKFPVPRQG,1
FKFKFKFK,1
VARGWKRKCPLAGKGG,1
SLWENFKNAGKKFILNILDK,1
AILTTLANWARKFL,1
KVTMTCSAS,1
RRVTMTCSAS,1
KKVSMSCSAS,1
HKVTMTCSAS,1
LKVTMTCSAS,1
PKVTMTCSAS,1
SKVTMTCSAS,1
YKVTMTCSAS,1
SLLSLIRKLIT,1
MLWSASMRIFASAFSTRGLGTRMLMYCSLPSRCWRK,1
FIPLVSGLFSRLL,1
KWAFRVAYRGIAYRRAR,1
ACDFQQCWVTCQRQYSINFISARCNGDSCVCTFRT,1
ACNFQSCWATCQAQHSIYFRRAFCDRSQCKCVFVRG,1
CKGAFKQTCKCY,1
LAKKIYRAWKRR,1
YRLRVKWKW,1
FLPLIGRVLSGIA,1
FLALIGRVLSGIL,1
FAKLLAKALKKLL,1
AFGMALKLLKKVL,1
GFGKALKLLKKVL,1
AFKMALKLLKKVL,1
LKLKLFPLKLKLFP,1
INLKAIAALVKKLL,1
AKRLKKLFKKIWNWK,1
NLVSALIEGRKYLKNVLK,1
GIWKKWIKKWLNVLKNLF,1
GIWKKWIKKWLKKLKNLF,1
VAKKLAKLAKKLAKLALAL,1
WKKVFKRLEKLFSKIWNWK,1
SYEIKINRHFKTLKKNLKKK,1
FLSLALAALPKFLCLVFKKC,1
KYKKALKKLAKLL,1
NLVSALIEGRKYLKNVLKKLNRLKEKNKAKNSKENN,1
FLKALWNVAKKVF,1
FLPLIGGLLKGLL,1
KSHGAERKCF,1
CLNLKALLAVAKKILC,1
LWKIGKKIWRVLWNWR,1
LWKIGKKIWRVWWNWR,1
LWKIWKKIWRVWKNWR,1
LWKILKKIWRVLWNWR,1
LWKILKKIWRVLKNWR,1
GFKDLLKGAKKALVKTVLF,1
KIAKVALKALKIAKGALKAL,1
GMASKAGSVLGKITKIALGAL,1
FFGRLKSVWSAVKHGWKAAKSR,1
ALWKKILKNAGKAALNKINQIVQ,1
GLKKIFKKGLGSLVKGIAAHVAS,1
FFGTLFKLGSKLIPGVMKLFSKKKER,1
SIGAKILGGVKTFFKGALKELASTYLQ,1
GLWSKIKEVGKEAAKAAAKAAGKAALGAVSEAV,1
GMWSKIKNAGKAAAKAAAKAAGKAALDAVSEAI,1
KWKLFKKIGIGAVLKVLTTGLPALIS,1
INMKASAAVAKKLL,1
GLWSTIKQKGKEAAIAAAKAAGQAALGAL,1
ILGKIWEGIKSLF,1
INLKALAALAKKIL,1
VNWKKILGKIIKVAK,1
GRLKKLGKKIEGAGKRVFKAAEKALPVVAGVKALG,1
GRLKKLGKKIEGAGKRVFKAAEKALPVVAGVKAL,1
ALGKFWEKIKSLF,1
ILGKFWEGIKSLF,1
WLGKIWEGIKSLF,1
FLGALWNVAKRVF,1
GLLGKILGAGKKVLCGVSGLC,1
GLLGKILGAGKKVLLGVSGLL,1
GMASKAGAIAGKIAKVAWKALGGS,1
KWKLFKKIAKKFAKAFVAEIM,1
GKLIKKFGRKAISYAVKKARGKH,1
GGLKKLGKKLEGAGKRVFNAAEKALPVVAGAKAL,1
QLVPLAIKIYRAWKRR,1
VPLAIKIYRAWKRR,1
LAIKIYRAWKRR,1
KLWKLFKKIGIGAVLKVLTTGLPALKLTK,1
WWWWRR,1
WWRWWKWW,1
RQIRRWWQWRR,1
KRLFRRWQWRMKKY,1
KFLPWKWFCAITKKC,1
WRKWRKRWWWRKWRKRWW,1
FALGAVTKVLPKLFCLITRKC,1
FKCWRWQWRWKKLGAKVFKRLEKLFSKI,1
FKCRRWQWRWKKLGAKPVPIIYCNRRTGKCQRM,1
GSKKPVPIIYCNRRTGKCQRM,1
FKCRRWQWRMKKLGAPSITCVRRAF,1
KWWRWRRWW,1
KKRWWWWWR,1
AQWRRWWQWRR,1
FSVTWRWWKWWKG,1
IGRFGYGYGPYQPVPEQP,1
IGRFGYGYGPYQPVPEQPLYPQPYQPQYQQYT,1
GIKHILFMAKTKLPRATCTAEIKENCDRKK,1
GKCNVLCQLKQKLRSIGSGSHIGSVVLPRG,1
RKCNFLCKLKEKLRTVITSHIDKVLRPQG,1
TDHQMAQSACIGVSQDNAYASAIPRDCHGG,1
LRHKVYGYCVLGP,1
LLIILRRRIRKQAHAHSK,1
GGLRSLGRKILRAWKKYGPQATPATRQ,1
GGLRSLGRKILRAWKKYGPIIVPIIRIG,1
RGLRRLGRKIAHGVKKYGPTVKRIKRKA,1
RGLRRLGRKIAHGVKKYGATVLRIIRIA,1
RGLRRLGRKIAHGVKKYGPTVLRIIRIA,1
RGLRRLGRKIAHGVKKYGPTVLRIIRIAG,1
GLLSKFGRLARKLARVIPKV,1
RPHGAGEGIDRVPAGPSPSEVGLAIPSGK,1
WKWRVRVTI,1
GWKKWFTKGERLSQRHFA,1
VWKRWVVRKWKWVKKKVKKK,1
RWRSFFKKAAHRGKHVGKRARTHYL,1
GWKKWFNRAKKVGKTVGGLAVDHYLG,1
GWWRRTVKKVRNAVRKV,1
FFRLLFHGVHHVGKIKPRA,1
FLPIVAKLLSGLLGRKKRRQRRR,1
GFLGILFHGVHHGRKKALQMNSERRS,1
GFLGILFHGVHHGRKKALHMNSERRS,1
GFGKAFHSVSNFAKKHKTA,1
GFGPAFHSVSNFAKKHKTA,1
AKAGGIGGHVIGQIVGVRIRGLGGNV,1
GILSGVLGMGKKIVCGLSGLC,1
ITRYLDKILRILRKYLKA,1
KRRGSVTTRYQFLMIHLLRPKKLFA,1
GRTSKQELCTWERGSVRQADKTIAG,1
FLPKLFAKITKKNMAHIR,1
FFGSTIGALANFLPSLISKIRN,1
FLPLLAGLAANFLPKIFCKITRKC,1
FLPVIAGVAAKFLPKIFCAITKKC,1
FLPVLAGLTPSIVPKLVCLLTKKC,1
FLPLIASLAANFVPKIFCKITKKC,1
FLPIIAGMAAKVIPSLFCAITKKC,1
FLPIIASVAAKLIPSIVCRITKKC,1
FLPILASLAAKFGPKLFSLVTKKS,1
FFPLIAGLAARFLPKIFCSITKRC,1
FLPLIASVAANLVPKIFCKITKKC,1
FLPAIVGAAAKFLPKIFCAISKKC,1
FLGAIAGVAAKFLPKVFCFITKKC,1
FLPLIAGVAASILPKIFCFITKKC,1
FLPAIAGVAAKFLPKIFCAITKKC,1
FLGGLMKIIPAAFCAVTKKC,1
GLLSGVLGVGKKVLCGLSGLC,1
GLLSGVLGVGKKVDCGLSGLC,1
GLLNGLALRLGKRALKKIIKRLCR,1
GILSGLLGVGKMLVCGLSGLC,1
GFLDVIKHVGKAALGVVTHLINQ,1
FLPVILPVIGKLLNGIL,1
RVVRQWPIGRVVRRVVRRVVR,1
KVVKQWPIGKVVKKVVKKVVK,1
FLSAITSILGKFF,1
FLQHIIGALGKLF,1
TQQAFQKFLAAVTSALGKQYH,1
SHHRHFRSHQCRR,1
SHHRHFRSHQCRRQRSNSCDR,1
FMSVAKTILKRLFRVYAHIY,1
GSLHGFMYRYLKNMVLNLF,1
GSLHGFMYKYLKTLVLRLY,1
LFNNYITAALKLLEKLYKV,1
LLGMIPVAIKAISALSKL,1
LLGMIPLAISAISALSKL,1
LLGMIKVAITAISALSKL,1
LLGMIPVAISAISALSKL,1
KKVWFIFHVCPKLKQRIL,1
RYIYLSGTDRIIRAKLGK,1
CVHWMTNTARTACIAP,1
CVHGMTNTARTACIAP,1
CVHWMTNTARTACIAG,1
GIMSSLMKKLAAIIAK,1
FKVQNQHGQVVKIFHH,1
MSLIRKADIELMLKSKPYERLVAKNDFDITEYYTAEEIAQKYKVNAKWV,0
MTNKLDLVTILIFGDGIIQNYAAFLKLIHTRYIDLNIF,0
EEIRAIVHVIGIYCGVPQALECLRVARKVLDEHGMLDD,0
MLIFNVNDGGVRHKL,0
MRGNKYYKSAFN,0
AKLNITNNELQVA,0
MLGYVVNVRVWVRM,0
ESDGDTEELSALIQMGNYGLGDDNNL,0
MPNQEMCMHIVYACLCPSDHLLDRCLQLFVGSSVLSFPSPSP,0
MMLCVAPVSTRILMVAL,0
MSEQLKIDIDKKKLVLPEPLKTFGTHEVPVKLHKDVTGTLRVKVTEA,0
MLKYPHMVQIPCCPRNNINTNN,0
ATKRDNAVSIPFRDCIDFFEFGVGNSKKAQYLLGLASIPRSVK,0
MKAQSLMLLMMMALIETQMQAGDELVID,0
IGPGAGRVETGYALLEDLLGILKVQTGK,0
MVTDGIDRLTEGAKVEVVDPHNAPAAAAEKATSREYGHQGARS,0
MATRSTSMTQEIVLQSINCLLIYNYMFIKCELKVR,0
MEPARRKQHRAVFPGDRRS,0
MDTRLLIVLLPVLAAGSWALYNIGRVALQQFKRFGS,0
MNKIVKYVGLDVHKDSITIAIADEGRDGNVRVYRVRMQLGFLTH,0
MWFLKTWRVNFFILAREVKKYRAKTKKILRHFIP,0
MQQNTTVHYLVSPPRLLLTERTHKPKLKF,0
MVAEQAAGGDRSYELQMRRIE,0
LLEAANEDLAYGCSKDDFAKYMMLIIQFLK,0
PVNALASRPTIRYSLGSTHRLHLRV,0
EKEAAELGKGSFKYAWVLDKLKAERERGITIDIALWKFETPKYMV,0
MRFSTVVVLCVFSLLLLCFATTPT,0
IEKLSDKQCQPASQLKFITDAWLQ,0
MEFRKKEYAPFDIFDSEWAVITVGNKEKFNSCPVSWGSLGNILL,0
MKIKLGQRVKKLRKSLGLTQKQFAERIPGKINYTYVGKG,0
MITAEIVMQAINNNEI,0
MPDRFTRRSLDVGGREDNQSSKQRSADRLREAGMPERLARASGV,0
GPLLRGLFLPSCPGCGHPELLQAVGIVGAIIMPHNIYLHSALVK,0
MRTTVTTGPAPLTGPVTAPRLDVGFGGGY,0
EPDIALHAHRIVRLRDGLVERDEPNPEPVKLLAEMK,0
MSSGHRKVIKVGILSMGD,0
PAATGGQPGDQARPGGEHLATRRRI,0
MQGLIFCSPLSSLRT,0
MVDRLSLRLVPDELWELVEPLVPAFA,0
NLGMEVMHERNAHNFPLDLAAGDVAPVALTAPAING,0
MDEMRIFIVYTDILSPSNLSRSPSFDDRMMEINLK,0
MIKLTIQLIKLSLKDFDLCEKKR,0
MCFKVPIFFFIILCY,0
MPICCLGKCFYCCCTEVYVHLL,0
MPKTHNKRSWKTLYFEFAFLGLKVIVSVKR,0
MESLTFWEIAFKSEGDYKNYDELVQAA,0
ALWSKKTFDKTGAR,0
MAQGEWKPNKLTLVDEATGEVMKEQPLYVFKPENIGAQMSIDD,0
APIFSVADYGLEADLFQAVPELVKAI,0
MKELYTTVELKRLISQGEGQF,0
MTDSENIETSLMHPPIKHKLQ,0
MTVESLSYTQLSHYSGSQIAEIHGIFCLFRIPDSRFPIPDSRFPFVTD,0
MINMKLQRKSLRKQ,0
MKLINIGFGNMVNADRVIAVVSPDSAPI,0
MTASVVSGERRVRNRRPRSRATFTSVLGELLLTAGVVVLLFVA,0
MVEGQETSRLRFFFYVNGYSTTPTFPILGLGFLAFIIPSSLSKMG,0
MVQGAKRGGRLHRV,0
MLAFLQYFLGIGATENGLLTET,0
MVATVLVLGAVNSFVASRNYL,0
CTRPYTNVRQGTHMAGPGRAYYTTKITGKIRQAHC,0
MQQTTEKNNGGLIRQLGLFDTTM,0
VMASKTKIYIVLEFVDGGELFDKI,0
MDLPITLDEALLGAKVKCPTVDGPGLIVL,0
MDFMSMARSHILVNTLLVKKQVYGNKCLGTIQCIYKVYFIREEDDYLN,0
MELPILKTNA,0
MFPNKKIVYIFVSIGDENPNLSKEV,0
ERTYKFFEQMQN,0
MMSATWLGTLSRGDLTSSKSQLVITL,0
MFNHEMKSKYALQKNIAINMKRGHINFFHKCM,0
MSGASLSSSPFHTQLATLQTSDN,0
MPISLRRHLTSAATSAVFIRTFTISSS,0
MFLAAKYEEIWTLEVKNFVHIFKNAFIY,0
MSKQFCPCNIPILKHNP,0
MCLASMVARTRFKMVLECC,0
MIQYVLVSLFTGKQQLKTMKQATRKPTTPGDILLYE,0
MDFTVWANPMIFININSYFKG,0
MRDSKDPDGGHLTLTPAQFAGVIAQIKQHTDR,0
MKYETFFKFLILSRNPTCKC,0
MPGAGAIWVVQPFDWIKKTFIDKPATEEN,0
MAGVDMYPENWTHVLTRGQQMDAILYLKGVIHFVFFWILQLL,0
MKLSDYPKIHQMYHREVHRMKGHQVVVQEKVDG,0
MNILTYLTIISIIIIKIN,0
MPLGKCNFYAIDYLMRYLAKLLDKNGVIYKGK,0
MNSLCNVHFPFPDCNI,0
MVTCSINRHGRTVHQNFMQVLTSQSCKTDLHVVPLT,0
MSRPLLCRTM,0
MFRVCFDDEDMIPGYFSGRIRRSAILDLYYQGQTIE,0
MIRKRYPSKEVCLLDNVL,0
LEDPEYCELCQL,0
MAGGGVALIGLTLIPLLSGLLSA,0
GDREQLLQRARLAEQAERYDD,0
MGHMIPKLFEVSDITVQVQGPANEIEPLKEILPDADFYEAISGF,0
MRPMSIIFSPVSGWNAESYTFFACQSFSTVKPG,0
MVFRRYWKRAVAEYGHIDILVNNAGLIRREDAIDFTEKRLGMTS,0
MNFVHDPNANFYYMGTEEATA,0
MRVKHDKNSWLVLYIKISFKGFKVVFSIEK,0
MCNLCKGPKPGV,0
MRVSGLPPGRW,0
MEEHSVHSSISDINSEEQGKSER,0
MDLSIIISAVIALAAGLMVGWLATKARADQIRADLIEERRELDY,0
MSDILDGIAYLIFILFSWKLFLVNEELLTSVF,0
MSYTLKEICKKCDEPTKSVHPAKFSPDDKYLRYRIAEK,0
ENVESMEYGVV,0
MGIACVMAANLKHQEFLLYQGICSNDLLNRLNLDFKM,0
MYFSKRKRDSSLSRKRNSIKTRLELIIYDFKELYKRSVAGRKTGR,0
MQAARDRQKRYADLKRKPMEFQVGDKVMLKVSPWKGVVRFGKRGKLNP,0
MTCPCGQYEFMDSTSGTLVDALR,0
MSVIASKISMLNLNFYLSPPVDKKKTIATLNILVVKPTKC,0
MAKERPSRPRPLMLRFLTGLAHALLKRVHRRRSRSVRTSN,0
MQRIAPGASKDGVVGIYVYMLRCADGSFY,0
MGKTAGAPPLYCSGALALTKV,0
MERILTLNEGKIPVWIKVKSKWKLSVLICNFTAVAIE,0
MCEHLDLKYYRKIYNK,0
MQYHFCDKVQ,0
MRAIVWRLFLRRFQNRAIPISKFPPFGQHAIIPA,0
MRESERARARERASAHERERASAHERERERACTS,0
LVERTNGLLKLPLSKYHLDEPHLPMTQALSRALWTHNQINLLPIL,0
MNGIGNKKPENYNEPDRTLHESVSVEILAFARQFPLISASKSCRF,0
MMFLAFLSNKASFETVIKSFYHFIIKMKKYFAQKMIE,0
MIQFSGKEMGMARFDLTDFEWSVIEPLLPTKVRGV,0
MQLNKQQQGVVIMQFCCVQLLYI,0
MTFWKIAYSYKWVTLDQLRQVVQTDARPHGEITPEEFTAITGQVFHS,0
KLLRRASFVSQDDLKNRILKFIDYFNQTMAKPFKWTYKSKVLAI,0
MKLVSLIVVLVFCCFLRAVELPGVYQTQEFLYMKSSFVEFFEHNG,0
MSPAWSPDGRQIVFSSDRKGKFALIVMDA,0
MKGNSAEQYDCKVYKLSCFLLIFRNNYLASIY,0
MHGRFDTLFGRLFGVLLIAIILAHLLAFAWFHYYG,0
MFTVFAASQITNPTLTGKEWLETFIT,0
MLISYKWLQDYVYIPW,0
MFTCLECETNIDVDEDVDVDDIIVCKDCELKMLVISTLPPTVDYAE,0
MNQRYNLSLARLIFFGVPPPLQPVEGGGSVKGGKRNS,0
MAAASSSLLTLVPLEDVA,0
KGKGIRYLDERVFRKVGKAGGKK,0
MQEEYIQTSSNFQHPSVTPEIIFSLKGHRRAQVRAVVRGQEQHG,0
MSFLLSSNERQAYRTLTVLCCQRETGKVR,0
MVNQKLSSAEATHGKLFRSIMMKFPNFRLQIWQN,0
GYIKRFGSGTRLIVT,0
YDDDDDDNVEENVEDDFGYDDDDAGGYDGDDF,0
MARRLTLKTIGFGHAKLYLEIQPSCDKALHASGYWID,0
MAQDNIPKSIQDRIQEWEKIKKYVK,0
MMHQVIILIVLLLISFAAY,0
MSRSAVKSGVNYGRETVI,0
MSCRSKKMYFLLIRLPLFWPERLGRQTLYL,0
FLEAGQEVELPEQQKRKQREMIQLWG,0
DDTAAAAVGAKEAQNIINKKQKQDARINTEMSVELFFVFMIRSPL,0
MNITPIQPINTLADLNQAAPAAKAGGSLPFQALFEDAASKVEQT,0
MRITDEYLQIRKDGTGWRIERRRDHDAFWWVVTLLGLLMMKVIVM,0
MFDEMAQGEQLRWH,0
MKKTTALSSLLLLGGLGSLGYLTAQLKDLNLHFDLRGEDQCYYC,0
MVYPTRLMTHNVLWSTIVELVSLLASWLVCVKETNDAGDDTEGE,0
MTVQKLGTRFYDVDVAC,0
MADKPDISEISQFDKTKLKKTETKEKNTLPTKESKFEFYRMLITF,0
MADNRDDEGPAQYASPPCFMHELD,0
MESTRQTTWLTCLLK,0
GVVEPGLAIKSGANEFKAFKTL,0
MRDIKTYLSVAPVLSTLWFGSLAGLLIEINRLFPDALTFPFSSF,0
MFAISRISGWTGHILEQYANNKLIRPRAKYVGPRDLKYVPIEQW,0
TKKDGEEKVA,0
LAKLNQFKEMVKNAVVDRTKRKELER,0
TQQQQQQQQQQQQQQQQQQQQQQQQQQQK,0
MLRFRPYKERAYSLLDTRL,0
MITAYGMSTSGNCHKVKLVLERLGRPYR,0
MNNLAAVMFVNTANLVLLSLD,0
PNAPVPGVLDHVEVTVVWPE,0
MKRTKSHLFYDIYNQPYDYGTRLKLYSSSK,0
MKRVPVTDAQMDDPFSTANLYH,0
MEYQYLNKGIPFCQFLLKSFSH,0
NRQRKLGTKLQ,0
MLQRTNDQNRLFAPQLGWHLQ,0
MEKPATTEKPAEKKEEKPATAEGAKETAESTEKPKEEKKEEKKE,0
MIPYNIFSSWHYKTVLSRI,0
MSLKIQIVALIAA,0
EYQYHKLKWLIRV,0
MLTFLDGGSTAL,0
MISKAGQIPRPGENLELP,0
MLSLFFAQTPPPPPSKKALHPTKK,0
MRTVLCHPYHLVEPSPWPCLG,0
VDMNYDSEQIDQNDEDVDLAKERELLAT,0
MMLVICYIQLQGAPQVG,0
HYNKYLTRRRRIEIAHTLNLTERQI,0
KAVLSAHAYLQAAIRAADSLKIGHGHGPVHHFHGLWKTRTEEIA,0
PYKMPATIDDPAILTEIKEDLKKHQILK,0
MVKYILQYMYITFKLLM,0
MRRVTLQKPLKRTDSRRLREEAEERPAGRPEVRKDIARTWWPAG,0
MLGTVHRRPHTGSGLTVRVTAGFDFDWSVTHKRRQHLDTPNRDV,0
MPKSEVIDQTSGKPAGLVDNTTVGANGDTVNDTKVNTLPQTGEK,0
MTKIAENSQDKQVHT,0
EWDQLAEQQNEIEAKLQELEASPP,0
MNMKKLTTLLLTATLGLASGAALAADTGAPVQ,0
FESNKYFGALVFFGILTGKLV,0
MVVNIMWIIWGYFLRKALNGPKQF,0
MSGLSSWFLGTGLYFLDVTR,0
LAELTMNKLYDKIPPSVWKFIR,0
DRFEIKLSDGNRLTAEVAALPFYDLGNERQEV,0
MDVKDMIRETFYIS,0
MTECCPCNFCTCLLSYLWNF,0
EFYFKINIKCLSDITNFFC,0
ILNLVISTPNSVGIPRSI,0
MGAGRQTKMVVETVFKKLYIIHITEVGNTEWK,0
MDRSGLWMVGSDQKGTCRALR,0
MRGRGDWIEIAKAITSHERNP,0
MKRHQERTQLTNDAGNTQTLREKHANAA,0
MVKRMQGSLLLQVL,0
IVIESTSWKKFINWINKI,0
TRHRRRRLPRLRGGPRRRPQARSV,0
MGFHFCCQIKCLPSIVSFSSIYVS,0
MQMLKLKFLWKK,0
MYLCASSALAAIYNEQFFG,0
GSGSRSADVSGEEEGTYR,0
MADGGEGEDEIQFLRT,0
SKTSASIGTLCADARMYGV,0
LELKRLDPFLLLDEFS,0
PQNDKGKTFGPSVPQNVVAHFCQD,0
AKTLSEVFGVLNKYFR,0
MHVVRPYYTELLLLKI,0
MSKSPPAGAGLGLERVGMREST,0
NFPLDLASIDVPSLNG,0
MCKAVFLILLIKNFPIIHLVG,0
VAERAGRQCSPGLASDPDLI,0
MMIWLKILLTNLNGVIAHRVVC,0
MLESSFVAEVKSDLMG,0
MIKILCASQFCLQF,0
MAVLESIVGNNKESFKS,0
MKFCPKCGGLMIPAKQELLK,0
MQRSQVQNPPPILRTEEEHHRR,0
MGRAIDEANEAVYEVADSISSAFK,0
MERTFAIIKPDGVERNLIGKILER,0
MLSLSVALLSLTRNLEPRGLERSA,0
MFLNTIQQCSQQK,0
TNYAAYMLKYDST,0
MMEALLIKIH,0
MRVRYFPYNYQRQKERTVH,0
MKVKPSVKKICENCQI,0
MSIIFLYLPVSRYLFTVL,0
MLTNRVLQFMLLASQLTIL,0
MQTKLAESDDDANSVFTVV,0
MNLQRLSIWISSPVLMRSGVVLKL,0
MYIRVFGTHAEYDKINALTI,0
MIDAVYTGLLVASLAVAGLVSFFVVFRMFKGGV,0
MNVTAVSSRSQ,0
YIHYLSSEIFNEFDERYA,0
MVSMDYLEAINIWNIGFDFRKHLP,0
MAVGKERKRWLGHSSPPSAAL,0
IECSLMADMAKEIVQANGYAD,0
MTNGPANTGPFSFLALQVTRSAGDLQTDRPGRR,0
PARRVFGFTDALF,0
IATIWLGCFRLTCGRGSD,0
MQQEVYFLCARSL,0
GDRTNEWLNNVTKIYNETI,0
MGILAQRMFCY,0
LKRYAPLDTPASMARDIEAALAAA,0
MWRLTSFSSSRRSALARLLKMAVS,0
RPSRIALTGDIVSIGDDK,0
SVECNKLLAAKNINLRLFLFQIQK,0
MCFSFLDILDCKAYSFLLLHINSYLELLSDYVF,0
MLLLILINEQEIKTLQDLCLN,0
MERGGPCLSGYFGNLER,0
METFSGTFSLFFCFLNTKAM,0
MHLRLDGSMLTRY,0
MMLFCSPMTP,0
MAKALVPMQTNCQDPGF,0
YDVMDYWGQGT,0
MARMSVSDMRCVALEMEA,0
AHDDDFDVIMARAQAAGI,0
GKGWSPRITMPNSQEKE,0
MAHNLSSGADNLYKKLYSTVLFVH,0
MHTFSRKFLHLK,0
QHFGERVAEK,0
MRENCCCYCSVMPM,0
AERQRLVQCLQAATERRVSK,0
MLLLGAHARDPPAIPGILI,0
AGREDASKGPQTE,0
SLFICGCTLIVFSTRAGVG,0
MMDAFCSCCFGLSGLLNW,0
MGTLIDMGAYTKE,0
MFSCPFCTQALVK,0
RVYLQIMGWVTNVSIAKTEV,0
MTFITRWLFSTN,0
MEEFKVYLELDRSQQM,0
IEKVEKEAAELGK,0
MTGMVKSWCCSTVCVLTL,0
MEGINEKLNNNLG,0
ISTSERRKITSIIEDSSIY,0
KYTGRRTCINQ,0
MVTQDPSWLND,0
MVEAGVGWFE,0
MKPNDDNDEDDGDLLYDIDH,0
MVDWLTRPMHDQLDAL,0
LRLAAIEAPSING,0
LTYIKAVRPIQTSSLCS,0
MEPTALRERGTR,0
FVRAKKFRKISVPRF,0
VLLYEDELADNGVSLLTVKV,0
GSNCPPHIEN,0
MLHQPGPTTLPC,0
RRGITTYTTPKGT,0
MRCPLTLFNLSW,0
EEKKQQQRQSHLL,0
MQLDKLILFQLPRPG,0
LRLPSPWRVTF,0
SSSSFNVILEYT,0
MVFDSVGNNSQ,0
MQKSELAVLF,0
AHNFPLDLAAVEAPTNG,0
MPARASLGVR,0
MDRLQSRSGAGHKGTSF,0
KNNAGAVVAVWAPVIL,0
MSNTNFFNDDWLELQ,0
MGVDVEVISPGD,0
MAAGLVAAEDP,0
MTYNKKTKSLYMPYLKC,0
MFFIDLLISMVFFILL,0
MKATHLQQAGTIEETLL,0
MLSYCLVFKFVL,0
MIAPYFYFNAVI,0
MCALLFKYIMVP,0
MFRARVSVTTIQLLI,0
MICKILLGYL,0
MAALSSASQAEAKPK,0
RQHRNNLASSVLCVA,0
LTCYTCVNVSDNQ,0
MTLLCDRSQTMCCKGILI,0
LKSLFGNDPLCP,0
MAELNGASLYMGCLLV,0
CLAAKGTLVNVK,0
MKPYAQMPNLRV,0
REDFDPVTAAL,0
VLTIGFAYEWKKGALEWD,0
LARYLNELFELMLQ,0
MKHVTYDQTKLQL,0
MSIYTARYCKWLQQTP,0
MRRCKNAPRQPNR,0
MACMDSSADHE,0
QKLGKREAGAIDRTQDIA,0
MAEAALVITPQLD,0
MHNNKPPCPYRSTLEIL,0
MECASHNNSGWMVSNADS,0
WISSQKWMNG,0
MCFKKRKYPNLNIYLK,0
INPIVYLYSK,0
MPDGIVDFLLQTGKEAK,0
MHESCSTLVTMKHRFALL,0
MLTEDYTITIINQVSRV,0
MTSKAGCVWSVCVCVRE,0
HCMNGLCEIPF,0
MALRLLLNILEYTFGSYN,0
MLKTPVLISKPLVVTKK,0
SVITIFNMKII,0
MWGLMQQRRSQP,0
MCCRKDLDRTGNPLISL,0
MQTQEQPNCC,0
MLKPKARNKGQLIYRGR,0
MSQSGLSRTCR,0
MKGKSLWPNCR,0
MIKMIWTKVSLT,0
LPAADLQYPFFSPGLP,0
MTMPLDVHKPRK,0
QSQPGGQFSQPY,0
ANNDYDYAIAA,0
MLKCCKLKCLNAIN,0
MYCMHNSEHKHKGF,0
MLIFLLEVVDALLT,0
MLRSFQQKKLLRAD,0
MTDGEDIQRLASCM,0
QQPQAGGAVAGAV,0
MGVRRVIAMTLKA,0
MADAKEAPYGASFL,0
MKHLDYIHEVPSN,0
MICPLPDFLYCIFARH,0
MEDPPAVQKQ,0
MRVKGTQMNWPNL,0
MRPKGKAIKKKNLGHH,0
MLLVNREWGLIPTKFLL,0
MVLLFSHLCCVVTNILF,0
MPAGGERVDDGADIGGG,0
MPHCHPRKYQAVI,0
NLSHDGLNPAHVPC,0
MMFGMQTTASRVRRRL,0
QLPLDLASVEVPSING,0
MCSCLTKLTVLKATNP,0
MGAHREMRGTGAGMRIG,0
VCAPAPCNFFTSA,0
VIGKYANLYCTKLL,0
MGAGKSQFTEEELQDYQ,0
MATNFVVRGCRARSCKQ,0
LVLAKELKLWTVKDLG,0
SSQIIGQYYQFIRLGFE,0
MRLYQCEIQV,0
MWLLYPFLCPALLQQI,0
IGLHSYGSFTLTPK,0
VEDEKESLRHQKKR,0
MHECVCVCVSECLLPLY,0
MILALSEGGDAN,0
MTITRPLIRRLTITRH,0
IEKFEKEAAELGK,0
KKYCRWCHKHTLHKETR,0
NKLPQDNAGTHFKPTK,0
MDHNLCFRISKQML,0
MHDGGEIDARACYTAIF,0
MFPSPLNKFSRADS,0
QQPGTHAQVGPSV,0
APVVSPRAHHLPRLAH,0
MKVHVVFTPNPT,0
MTTAWIGRSD,0
QQAHIILVSAFWFYLY,0
VEVTLFDFFKLNLLTN,0
GDDDDGDGDGDNND,0
MNNSTKFCFSRYRTGN,0
VIVLPVEWICLW,0
MQKVLYFFDDYNC,0
SSQDDAKGFIED,0
MADWFTSITAIV,0
LKSLFGNDPSYQ,0
YLYVRWGVELSN,0
MKLSQNLEMIKPQ,0
MMINRWFFST,0
MISTRGNCRRTAS,0
MSTPTVRNLARQ,0
MRSINLVHVVACT,0
MAVSVSRRITMTW,0
PDVDIIITTALIP,0
MDHITPHTSSCKS,0
MMRSGSGGEK,0
MPRAPRCRAVRA,0
MIYFLPWLFDMVI,0
MTCQNEFFRT,0
MTISRWFFST,0
MALYYNLVCCIAL,0
MYRSKKIDDSGQ,0
MPFCFTGIYLLLT,0
MADYNDDPFV,0
MVLYTVHNMLLEY,0
MGAELDGALPLS,0
DLSSIREVPDHQ,0
MRGGAGARTWLS,0
AWTILKGQKYHH,0
LIIYVKTVSQND,0
ALKGDEMLKNIF,0
TSVFSASLDGDR,0
LKSLFGSDHSSQ,0
PGHAILVEELGS,0
MLVNLHLSLLCV,0
YLLFSAEKPKLN,0
MISSDSDLQPKK,0
FTHLIAALPLQL,0
MEKGSSGFGAPP,0
MGVSHLLKQMAP,0
DLAALEVPFING,0
PLSETEDALMER,0
MENILQHVKELN,0
MREDAKTVSSHV,0
MTFSLFANFLKM,0
DLNNPLLAKAVK,0
IAKNGAKMVTAVATARVPKLTVVIGGSFGAGNYSMCGRAYSPRFLWMWP,0
MDILKFVKSFNTVGCYLTLASILLAILIFYFYYVNPN,0
MVFSSVTLERQDLISLINFTATSGRQNLVSSINSNLSSLLGM,0
QRDLSADSGRAKNGGRFSVNLRQGIKKPVDPDNE,0
MRTPRCAHIKYSWNLYNPHTTVIHKLLSI,0
MQRPRVDRHHRGDRFAATAAAAMRMQKFTDAF,0
MIDDTDSMTSSKPYLIRAIHEWILDNQMTPHLVVDANYP,0
MTLQLFPRDLLADRGVEGLGCFGDGSVASGSSVVAGDVAAVPSF,0
MGAVCKWMTSSKITHSS,0
DNDGWVTTDPRKQCSKEDGGGWWYNRC,0
MSSTSQAAPTVIGDNDSHHGSGRGRVVKDSILPEAKDMGVCLPHG,0
CSPGRSKATVTAPNGAKAFPSKRPWMISH,0
DRLGRCSPPLRRAAGGEVRKAEHDGRLFRGVQEFERQRWAWV,0
MTVDGSRVNSQQSTVNSQQSTVNSQQSTVNSQPKLVNFRF,0
MLVHNLCTSREHIS,0
MQAAIQNNKKKNKQKKKKKKKKTKKKKKKKNKKKKNKKKKQKKKIK,0
DPSPAVALSVMRTPTIVAFDRAGRELLRVSGVPRTGELITALRPQLSPV,0
MFYISTRGQTRPHSFTEAVEAGLATDGGLFLPE,0
MKSLLKGFFFYSNLAQKKVIIFRAKEKKFS,0
DRYERGDVNLDLKGF,0
MKADVLDRFEEGDTRPDFVRIIEDSPWPQ,0
MQCIESYSIKEQGSEGYPDEVTWPWLIDW,0
VVDVREASAEEVEHGHVHGPGGHQH,0
MSKSTHNYNQWHNNKMIIFPHKQ,0
MVCFACIFEFWCIQRLEYTKITHFLHISVPYTNSVFS,0
ESNLESNLVTNHDSNLESNNDSNMESYLEAYLESNLKSNLETNLD,0
GPPGAPGAPG,0
MASTTKSIDLITKRPTHLYKQLAQLSLMVVALLMMLALSAVLAMALTL,0
MKLYNSIGPNPQVVRMFLAELGQE,0
MVCSECIWQSLILFFMFTPFP,0
YEALEEEERIQKLIKHNITQMCLSYMGRRFDMESMYSTQTTQIPMIGQLG,0
MAIQVQALYYLATAEMQIIVNIYFYFPQFF,0
EARSDVFDYIEIFYNRQRRHGHLGGLAPMMFEAANSKSSS,0
MIQSGDFPTSLIMADCNYLKRTNDTLGHEYGDLLLQRTARK,0
IGTKSQNVWHPADCIIADV,0
MALAYVNYVHLDNVFYQPLASLQILQMPETNLESGNHYETYLVW,0
IGGALTFFHGDGSRRCLE,0
MYYIIEGKYVLFFNDILKLYEDLLFGDSNKLKTWRKNDE,0
MKLYHTLFFRKSDSRLIL,0
LTLCALSEVTNLSPDIVQANSMFS,0
MVAKQRIRMANEKHSKNITQRGNVAKTLLSSRSYRA,0
MNTEALIMLIGAQGIVISFMCYFFYRVLTTPPKSEPDSYSDNDDIER,0
MRRPYLVMGVGPPRQRETSE,0
MGVEHISHRGGVRVPAELITHLLCVPHVVKRVYDQ,0
MSSSLTKRKLLPYKPTIY,0
GRDVQFIEQFRQAADHPVIATYPEGLYLKGFACRVM,0
MQRFDQMQRFDRVQQFDRVQRLDRVQRFNPLRGLR,0
MEKSGLQKKVEDESYGLWIMVESWRGSSQASNEGRNDDFW,0
MLFEVIMKFDQIKELEDEKFRRLTRSKEGNILKDSGYFEASLRS,0
MRVRSERIIKAVNVLKNAEIQFLKGRISSAISFFLFQIYKSLREA,0
MRAQERVSRENFPCQQSRIPVHLPRELAREQY,0
MTGGLIMDPSCPEYETPSPQ,0
VARACIDEWNGVVCKEKAR,0
GYFCLDSRHSTAEKPVFNRTVGLRDTWAKVGE,0
LRSIERRLVDDVFNEISGRIVVGNLFGLFINCCGLFASTIN,0
MAGFITFLRKAPGYLSMFTDRNT,0
